product_title,search_term,relevance
Simpson Strong-Tie 12-Gauge Angle,angle bracket,3
Simpson Strong-Tie 12-Gauge Angle,l bracket,2.5
BEHR Premium Textured DeckOver 1-gal. #SC-141 Tugboat Wood and Concrete Coating,deck over,3
Delta Vero 1-Handle Shower Only Faucet Trim Kit in Chrome (Valve Not Included),rain shower head,2.33
Delta Vero 1-Handle Shower Only Faucet Trim Kit in Chrome (Valve Not Included),shower only faucet,2.67
Whirlpool 1.9 cu. ft. Over the Range Convection Microwave in Stainless Steel with Sensor Cooking,convection otr,3
Whirlpool 1.9 cu. ft. Over the Range Convection Microwave in Stainless Steel with Sensor Cooking,microwave over stove,2.67
Whirlpool 1.9 cu. ft. Over the Range Convection Microwave in Stainless Steel with Sensor Cooking,microwaves,3
Lithonia Lighting Quantum 2-Light Black LED Emergency Fixture Unit,emergency light,2.67
House of Fara 3/4 in. x 3 in. x 8 ft. MDF Fluted Casing,mdf 3/4,3
Valley View Industries Metal Stakes (4-Pack),steele stake,2.67
Toro Personal Pace Recycler 22 in. Variable Speed Self-Propelled Gas Lawn Mower with Briggs &amp; Stratton Engine,briggs and stratton lawn mower,3
Toro Personal Pace Recycler 22 in. Variable Speed Self-Propelled Gas Lawn Mower with Briggs &amp; Stratton Engine,gas mowe,3
Toro Personal Pace Recycler 22 in. Variable Speed Self-Propelled Gas Lawn Mower with Briggs &amp; Stratton Engine,honda mower,2
Hampton Bay Caramel Simple Weave Bamboo Rollup Shade - 96 in. W x 72 in. L,hampton bay chestnut pull up shade,2.67
InSinkErator SinkTop Switch Single Outlet for InSinkErator Disposers,disposer,2.67
Sunjoy Calais 8 ft. x 5 ft. x 8 ft. Steel Tile Fabric Grill Gazebo,grill gazebo,3
"MD Building Products 36 in. x 36 in. Cloverleaf Aluminum Sheet, Silver",door guards,1
"MD Building Products 36 in. x 36 in. Cloverleaf Aluminum Sheet, Silver",metal plate cover gcfi,1.67
"MD Building Products 36 in. x 36 in. Cloverleaf Aluminum Sheet, Silver",radiator grate,2.33
"MD Building Products 36 in. x 36 in. Cloverleaf Aluminum Sheet, Silver",windows screens,2.33
House of Fara 8 Linear ft. MDF Overlapping Wainscot Interior Paneling Kit,1x1 rail decorative wood,1.33
House of Fara 8 Linear ft. MDF Overlapping Wainscot Interior Paneling Kit,4*8 beadboard paneling,2.67
House of Fara 8 Linear ft. MDF Overlapping Wainscot Interior Paneling Kit,4x8wood paneling,2.33
House of Fara 8 Linear ft. MDF Overlapping Wainscot Interior Paneling Kit,MDF 4x8,1.33
House of Fara 8 Linear ft. MDF Overlapping Wainscot Interior Paneling Kit,wainscot chair rail,2.33
House of Fara 8 Linear ft. MDF Overlapping Wainscot Interior Paneling Kit,wainscot plank paneling,2.33
1804 Dual Spray Half Pattern 4 in Pop-Up Spray Head,lawn sprkinler,2
1804 Dual Spray Half Pattern 4 in Pop-Up Spray Head,rainbird sprinkler,2.33
"Samsung 4.2 cu. ft. Front Load Washer with Steam in White, ENERGY STAR",PLATFORM FOR WASHERS,2.67
"Samsung 4.2 cu. ft. Front Load Washer with Steam in White, ENERGY STAR",samsung front load washer 3.7,2
"Samsung 4.2 cu. ft. Front Load Washer with Steam in White, ENERGY STAR",upholstery washing machines with steam,2.33
Quikrete 80 lb. Crack-Resistant Concrete,CONCRETE & MASONRY CLEANER & ETCHER,3
Quikrete 80 lb. Crack-Resistant Concrete,concrete for ponds,2
Quikrete 80 lb. Crack-Resistant Concrete,flexlock for cracks,2
Nantucket Pavers Patio-on-a-Pallet 10 ft. x 10 ft. Concrete Tan Variegated Basketweave Yorkstone Paver,Belgium block pavers,2
Nantucket Pavers Patio-on-a-Pallet 10 ft. x 10 ft. Concrete Tan Variegated Basketweave Yorkstone Paver,ourdoor patio tile,2.33
UltraTouch 48 in. x 24 ft. Radiant Barrier,insulation roll,2.33
Backyard X-Scapes 6 ft. H. x 16 ft. L Reed Fencing,6ft h bamboo fencing,2
Backyard X-Scapes 6 ft. H. x 16 ft. L Reed Fencing,balcony privacy screen,2.67
Backyard X-Scapes 6 ft. H. x 16 ft. L Reed Fencing,bamboo,1.67
Backyard X-Scapes 6 ft. H. x 16 ft. L Reed Fencing,privacy lattice panels,2.33
Backyard X-Scapes 6 ft. H. x 16 ft. L Reed Fencing,privacy panels,1.67
DecoArt Americana Decor 16-oz. Whisper Chalky Finish,chalk paint,3
9.1 in. x 5.8 in. White Designer Shelf Bracket,8 4616809045 9,1.67
9.1 in. x 5.8 in. White Designer Shelf Bracket,shelf bracket,3
9.1 in. x 5.8 in. White Designer Shelf Bracket,white 4shelves,1.67
HDX 48 in. W x 72 in. H x 18 in. D Decorative Wire Chrome Finish Commercial Shelving Unit,6 teir shelving,3
HDX 48 in. W x 72 in. H x 18 in. D Decorative Wire Chrome Finish Commercial Shelving Unit,hdx wire shelving,3
HDX 48 in. W x 72 in. H x 18 in. D Decorative Wire Chrome Finish Commercial Shelving Unit,kitchen  cabinet finishes,1
HDX 48 in. W x 72 in. H x 18 in. D Decorative Wire Chrome Finish Commercial Shelving Unit,kitchen wire shelf tiered,3
HDX 48 in. W x 72 in. H x 18 in. D Decorative Wire Chrome Finish Commercial Shelving Unit,pantry rack,2.67
HDX 48 in. W x 72 in. H x 18 in. D Decorative Wire Chrome Finish Commercial Shelving Unit,plastic storage racks,2.67
HDX 48 in. W x 72 in. H x 18 in. D Decorative Wire Chrome Finish Commercial Shelving Unit,Shelves Metal,3
HDX 48 in. W x 72 in. H x 18 in. D Decorative Wire Chrome Finish Commercial Shelving Unit,steel shelving,2.67
HDX 48 in. W x 72 in. H x 18 in. D Decorative Wire Chrome Finish Commercial Shelving Unit,storage shelve,3
Marshalltown Masonry Brush,mortar tools,1
Rubbermaid 12 in. D Single Track Bracket,12 boltless bracket,2.33
Rubbermaid 12 in. D Single Track Bracket,12 in.  16 in single track brackets,2.33
Rubbermaid 12 in. D Single Track Bracket,12 wire shelf bracket,3
Rubbermaid 12 in. D Single Track Bracket,shelf track,2.33
Husky 9-Pocket Maintenance Pouch,husky tool bag,2.5
RIDGID X4 18-Volt 1/2 in. Impact Wrench (Tool Only),impact driver drill battery powered,2.33
RIDGID X4 18-Volt 1/2 in. Impact Wrench (Tool Only),impact wrench,3
"Emberglow 25,000 BTU Vent-Free Dual Fuel Gas Stove with Thermostat",pellet stove,2.33
"Emberglow 25,000 BTU Vent-Free Dual Fuel Gas Stove with Thermostat",register for fuel,2.33
"Emberglow 25,000 BTU Vent-Free Dual Fuel Gas Stove with Thermostat",stove and mi,2.33
"Emberglow 25,000 BTU Vent-Free Dual Fuel Gas Stove with Thermostat",ventless gas stove,3
American Standard Cadet 3 FloWise 2-piece 1.28 GPF Round Front Toilet in Bone,American Standard Bone round toliet,3
American Standard Cadet 3 FloWise 2-piece 1.28 GPF Round Front Toilet in Bone,cadet 3 insulated in bone,2.33
Sumner Street Home Hardware Grayson 2-1/2 in. Oil Rubbed Bronze Cup Pull,grayson,2.33
HDX 6 ft. Heavy Duty Steel Green Painted T-Post,6 stell,2
HDX 6 ft. Heavy Duty Steel Green Painted T-Post,fece posts metal,2
HDX 6 ft. Heavy Duty Steel Green Painted T-Post,green painted pop rivets,2.33
HDX 6 ft. Heavy Duty Steel Green Painted T-Post,post,2.67
HDX 6 ft. Heavy Duty Steel Green Painted T-Post,wire fencing 6 ft high,1.67
Crown Bolt 24 in. x 1/2 in. x 12 in. Plain Metal Expanded Sheet,bolt 1/2 in by 12,3
Crown Bolt 24 in. x 1/2 in. x 12 in. Plain Metal Expanded Sheet,metal sheet,2.33
Crown Bolt 24 in. x 1/2 in. x 12 in. Plain Metal Expanded Sheet,sheet metal,3
Henry 587 4.75 Gal. White Roof Coating,elastomeric roof coating,2
Hampton Bay Beverly Patio Dining Arm Chairs with Custom Cushion (2-Pack),outdoor dining,2.67
Hampton Bay Spring Haven Brown All-Weather Wicker Patio Lounge Chair with Sky Blue Cushions,cushions outdoorlounge,3
Hampton Bay Spring Haven Brown All-Weather Wicker Patio Lounge Chair with Sky Blue Cushions,hampton bay spring,3
Hampton Bay Spring Haven Brown All-Weather Wicker Patio Lounge Chair with Sky Blue Cushions,outdoorfurniture,2.33
60 in. x 150 ft. 10/10 Remesh,wiremesh,3
Stanley Doors 36 in. x 80 in. Chatham 3/4 Lite 1-Panel Prefinished Steel Prehung Front Door,front doors,3
Stanley Doors 36 in. x 80 in. Chatham 3/4 Lite 1-Panel Prefinished Steel Prehung Front Door,prehung steel door,3
Stanley Doors 36 in. x 80 in. Chatham 3/4 Lite 1-Panel Prefinished Steel Prehung Front Door,stanley doors,2.67
MOEN Essie Single-Handle Pull-Down Sprayer Kitchen Faucet in Spot Resist Stainless with Soap Dispenser,kingsley moen kitchen faucet,2.33
MOEN Essie Single-Handle Pull-Down Sprayer Kitchen Faucet in Spot Resist Stainless with Soap Dispenser,kitchen sink faucet,3
MOEN Essie Single-Handle Pull-Down Sprayer Kitchen Faucet in Spot Resist Stainless with Soap Dispenser,pricepfister kitchen faucet g135,2
MOEN Essie Single-Handle Pull-Down Sprayer Kitchen Faucet in Spot Resist Stainless with Soap Dispenser,soap dispenser,2.67
MOEN Essie Single-Handle Pull-Down Sprayer Kitchen Faucet in Spot Resist Stainless with Soap Dispenser,soap dispenser kitchen,2
Bare Ground 4 Gal. Liquid De-Icer (Case-4),roof melter,1.33
Owens Corning R-19 Kraft Faced Insulation Batts 15 in. x 93 in.,6 kraft faced insulation,2.33
Owens Corning R-19 Kraft Faced Insulation Batts 15 in. x 93 in.,fiberglass insulation,2.33
Owens Corning R-19 Kraft Faced Insulation Batts 15 in. x 93 in.,owens corning 7-3,2
Owens Corning R-19 Kraft Faced Insulation Batts 15 in. x 93 in.,R 15,1.33
Owens Corning R-19 Kraft Faced Insulation Batts 15 in. x 93 in.,r19 insulation,3
Gama Sonic 40-LED Rechargeable Battery-Powered Emergency Lantern,battery lanterns,3
Gama Sonic 40-LED Rechargeable Battery-Powered Emergency Lantern,ceiling light battery powered with remote,2.33
Gama Sonic 40-LED Rechargeable Battery-Powered Emergency Lantern,emergency light,3
12 in. Dia. Dark Blue Ceramic Rivage Pot,planters pots,2.67
RDI Porch and Newel 5 in. x 5 in. x 108 in. Vinyl Turned Fence Post with 5000 lb. Capacity,5x5 post,2.33
RDI Porch and Newel 5 in. x 5 in. x 108 in. Vinyl Turned Fence Post with 5000 lb. Capacity,column post,3
RDI Porch and Newel 5 in. x 5 in. x 108 in. Vinyl Turned Fence Post with 5000 lb. Capacity,post,2.33
BAZZ 10 ft. Multi-Color Self-Adhesive Cuttable Rope Lighting with Remote Control,bazz lighting,2
BAZZ 10 ft. Multi-Color Self-Adhesive Cuttable Rope Lighting with Remote Control,led rope,2.67
BAZZ 10 ft. Multi-Color Self-Adhesive Cuttable Rope Lighting with Remote Control,led strip lights,2.67
TrafficMASTER Allure 6 in. x 36 in. Cherry Resilient Vinyl Plank Flooring (24 sq. ft. / case),TILES 12*12,2.67
Glacier Bay 2-piece High Efficiency Dual Flush Complete Elongated Toilet in White,10  rough toilet bowl,2.33
Glacier Bay 2-piece High Efficiency Dual Flush Complete Elongated Toilet in White,delta canister 17,1.33
Glacier Bay 2-piece High Efficiency Dual Flush Complete Elongated Toilet in White,glaciar bay toiled,2
Glacier Bay 2-piece High Efficiency Dual Flush Complete Elongated Toilet in White,glacie bay dual flush,2.33
Glacier Bay 2-piece High Efficiency Dual Flush Complete Elongated Toilet in White,glacier bay high efficiency toilet fill valve,2
Glacier Bay 2-piece High Efficiency Dual Flush Complete Elongated Toilet in White,glacier bay tiolet tank lid,2.67
Glacier Bay 2-piece High Efficiency Dual Flush Complete Elongated Toilet in White,handicap toilet,2.67
Glacier Bay 2-piece High Efficiency Dual Flush Complete Elongated Toilet in White,handycap toilets,2.33
Glacier Bay 2-piece High Efficiency Dual Flush Complete Elongated Toilet in White,high boy tolet,2.33
Glacier Bay 2-piece High Efficiency Dual Flush Complete Elongated Toilet in White,kohler rosario toilet parts,1.33
Glacier Bay 2-piece High Efficiency Dual Flush Complete Elongated Toilet in White,toilet bowl,2.33
Glacier Bay 2-piece High Efficiency Dual Flush Complete Elongated Toilet in White,toilet flush kit,2.67
Glacier Bay 2-piece High Efficiency Dual Flush Complete Elongated Toilet in White,toilet glacier bay,3
"Rheem Performance Plus 50 Gal. Tall 9 Year 40,000 BTU High Efficiency Natural Gas Water Heater",60 heater gallon gas water,2.33
"Rheem Performance Plus 50 Gal. Tall 9 Year 40,000 BTU High Efficiency Natural Gas Water Heater",gas wayer heaters,2
"Rheem Performance Plus 50 Gal. Tall 9 Year 40,000 BTU High Efficiency Natural Gas Water Heater",heater gas,1.67
"Rheem Performance Plus 50 Gal. Tall 9 Year 40,000 BTU High Efficiency Natural Gas Water Heater",hot water heater cost,2.67
"Rheem Performance Plus 50 Gal. Tall 9 Year 40,000 BTU High Efficiency Natural Gas Water Heater",hot water heater gas,3
"Rheem Performance Plus 50 Gal. Tall 9 Year 40,000 BTU High Efficiency Natural Gas Water Heater",rheem gas water heater prog40,2.67
"Rheem Performance Plus 50 Gal. Tall 9 Year 40,000 BTU High Efficiency Natural Gas Water Heater",rheem water heater gas,3
"Rheem Performance Plus 50 Gal. Tall 9 Year 40,000 BTU High Efficiency Natural Gas Water Heater",rheem water heater plug,2.33
"Rheem Performance Plus 50 Gal. Tall 9 Year 40,000 BTU High Efficiency Natural Gas Water Heater",rheum water heater,3
"Rheem Performance Plus 50 Gal. Tall 9 Year 40,000 BTU High Efficiency Natural Gas Water Heater",water heater certified,3
"Rheem Performance Plus 50 Gal. Tall 9 Year 40,000 BTU High Efficiency Natural Gas Water Heater",water heater pans,1.67
Shark Rotator Slim-Light Lift-Away Vacuum Cleaner,shark vacuum,3
GE 18 in. Direct Wire LED Under Cabinet Light Bar with Hi/Low/Off,under cabinet led,3
GE 18 in. Direct Wire LED Under Cabinet Light Bar with Hi/Low/Off,under cabinet lighting,3
GE 18 in. Direct Wire LED Under Cabinet Light Bar with Hi/Low/Off,under counter fluorescent bar light,2.33
GE 18 in. Direct Wire LED Under Cabinet Light Bar with Hi/Low/Off,undercounter lighting,3
Steves &amp; Sons Retrofit Prehung Primed White Steel Patio Door,doors exterior,2.33
Steves &amp; Sons Retrofit Prehung Primed White Steel Patio Door,Double Doors,3
Steves &amp; Sons Retrofit Prehung Primed White Steel Patio Door,prehung steel door,3
Steves &amp; Sons Retrofit Prehung Primed White Steel Patio Door,steel patio railings,1.33
"Duck 1.41 in. x 60 yds. Blue Clean Release Masking Tape, (16-Pack)",3 blue masking tape,1.67
"Duck 1.41 in. x 60 yds. Blue Clean Release Masking Tape, (16-Pack)",masking tape,3
Kaleen Soho Thames Beige 4 ft. x 6 ft. Area Rug,4x6,3
4 in. x 4 in. x 5-1/3 ft. Pressure-Treated Pine 2-Hole Fence Corner Post,treated fence posts,3
Mueller Global 3/4 in. Black Malleable Iron Threaded Tee,1/2 x 5 black pipe nipple,1.67
Mueller Global 3/4 in. Black Malleable Iron Threaded Tee,galvanized gas tee,3
Safavieh Courtyard Natural/Brown 8 ft. 11 in. x 12 ft. Area Rug,area rugs 9x12,2.67
Frigidaire 18 cu. ft. Top Freezer Refrigerator in Stainless Steel,18  dishwasher,1.67
STERLING Accord 30 in. x 60 in. x 72 in. Bath and Shower Kit in White,30' x 60 'molded one piece acrylic shower stall,2.33
STERLING Accord 30 in. x 60 in. x 72 in. Bath and Shower Kit in White,one piece showers,2.33
Corner Baker&#39;s Rack with Slate Top,bakers rack,3
Shape Products Thick &amp; Strong Flat Area Well Cover,basemetnt window,1.33
Rust-Oleum EpoxyShield 2 gal. Tan 2-Part High-Gloss Epoxy Garage Floor Coating Kit,editing garage floor,2
Rust-Oleum EpoxyShield 2 gal. Tan 2-Part High-Gloss Epoxy Garage Floor Coating Kit,rustollum epoxy,3
YuTrax Arch XL Folding Aluminum ATV Ramp,car ramps ends,2
"Werner 7 ft. - 9 ft., 18 in. x 24 in. Compact Aluminum Attic Ladder with 250 lb. Maximum Load Capacity",plexiglas 18' x 24',2
Melnor Adjustable Rear Trigger Nozzle,melnor,3
"LG Electronics 5,000 BTU 115-Volt Window Air Conditioner",A/c window unit,3
"LG Electronics 5,000 BTU 115-Volt Window Air Conditioner",air /heaterconditioner window,3
"LG Electronics 5,000 BTU 115-Volt Window Air Conditioner",room a/c units,2.67
"LG Electronics 5,000 BTU 115-Volt Window Air Conditioner",spliter ac unit,2.33
"LG Electronics 5,000 BTU 115-Volt Window Air Conditioner",window air condit,2.33
"LG Electronics 5,000 BTU 115-Volt Window Air Conditioner",Window Unit Air Conditioner/Heater,2.67
Rust-Oleum Restore 1-gal. 4X Deck Coat,berh deck over,2.33
Rust-Oleum Restore 1-gal. 4X Deck Coat,deck over,1.67
Rust-Oleum Restore 1-gal. 4X Deck Coat,deck over paint,2.67
Rust-Oleum Restore 1-gal. 4X Deck Coat,deckpaint,2.67
Rust-Oleum Restore 1-gal. 4X Deck Coat,restore 4x,2.67
Milwaukee M18 FUEL 18-Volt Brushless Lithium-Ion Hole Hawg 1/2 in. Right Angle Drill (Bare Tool),milwaukee right angle,3
Milwaukee M18 FUEL 18-Volt Brushless Lithium-Ion Hole Hawg 1/2 in. Right Angle Drill (Bare Tool),milwaukee stone hole drill,3
Milwaukee M18 FUEL 18-Volt Brushless Lithium-Ion Hole Hawg 1/2 in. Right Angle Drill (Bare Tool),pneumatic right angle drill,2.67
Milwaukee M18 FUEL 18-Volt Brushless Lithium-Ion Hole Hawg 1/2 in. Right Angle Drill (Bare Tool),right angle drill,3
Ariens Deluxe 28 in. Two-Stage Electric Start Gas Snow Blower with Auto-Turn Steering,28 snow thower,3
Ariens Deluxe 28 in. Two-Stage Electric Start Gas Snow Blower with Auto-Turn Steering,gas snowblower trailer,2.33
Ariens Deluxe 28 in. Two-Stage Electric Start Gas Snow Blower with Auto-Turn Steering,toro snow blowers gas,1.33
GE Adora 5.0 cu. ft. Gas Range with Self-Cleaning Convection Oven in Stainless Steel,gas gridlee,2
GE Adora 5.0 cu. ft. Gas Range with Self-Cleaning Convection Oven in Stainless Steel,ge adora range,3
Woodgrain Millwork LWM 623 1/2 in. x 3-1/4 in. x 96 in. Primed MDF Base Moulding,base board molding boundle,2
Woodgrain Millwork LWM 623 1/2 in. x 3-1/4 in. x 96 in. Primed MDF Base Moulding,crown molding mdf,2.67
Woodgrain Millwork LWM 623 1/2 in. x 3-1/4 in. x 96 in. Primed MDF Base Moulding,wall wood,2.67
Hampton Bay Woodbury 7-Piece Patio Dining Set with Dragonfruit Cushion,hampton bay set 7-piece led aluminum,2.33
Gardener&#39;s Blue Ribbon 16 in. Plastic Rolling Plant Caddy,plants moses in a cradle,1.33
Dimex EasyFlex 24 ft. Aluminum Landscape Edging Project Kit in Black,landscape edging,3
Intertape Polymer Group PG 21 2.0 in. x 60 yd. Lacquer Resistant Performance Grade Masking Tape (6-Pack),intertape duct tape 3pk,1.67
Intertape Polymer Group PG 21 2.0 in. x 60 yd. Lacquer Resistant Performance Grade Masking Tape (6-Pack),masking tape,3
Teks #12 1-1/2 in. External Hex Flange Hex-Head Self-Drilling Screws (80-Pack),1 black self tapping screws,2.67
Teks #12 1-1/2 in. External Hex Flange Hex-Head Self-Drilling Screws (80-Pack),1 infloor flange,2
GE All Purpose Silicone I 10.1-oz. Clear Window and Door Caulk,10 window sping rod,1.67
GE All Purpose Silicone I 10.1-oz. Clear Window and Door Caulk,clear silicone caulk windows doors,2.33
GE All Purpose Silicone I 10.1-oz. Clear Window and Door Caulk,silicone,3
RIDGID X4 18-Volt Lithium-Ion Cordless Drill and Impact Driver Combo Kit (2-Tool),combo powertool kit,2.67
RIDGID X4 18-Volt Lithium-Ion Cordless Drill and Impact Driver Combo Kit (2-Tool),desalt impact 18,2.67
RIDGID X4 18-Volt Lithium-Ion Cordless Drill and Impact Driver Combo Kit (2-Tool),rigid lithium ion batteries fuego drill,2.33
Sun Joe Shredder Joe 12 in. 13 Amp 16:1 Reduction Ratio Electric Leaf Mulcher/Shredder,chipper,1.25
American Standard Colorado FloWise Elongated Toilet Bowl Only in White,bidet,2.33
Shark Navigator Lift-Away Deluxe Bagless Vacuum Cleaner with Appliance Wand,shark cleaner,3
Shark Navigator Lift-Away Deluxe Bagless Vacuum Cleaner with Appliance Wand,shark vacuum,3
